urls,titles,keywords,tldrs,abstracts,one_sentence_summ
https://openreview.net/forum?id=Ny150AblPu,Exposing Text-Image Inconsistency Using Diffusion Models,inconsistency detection; multi-modal learning; diffusion models,None,"In the battle against widespread online misinformation, a growing problem is text-image inconsistency, where images are misleadingly paired with texts with different intent or meaning. Existing classification-based methods for text-image inconsistency can identify contextual inconsistencies but fail to provide explainable justifications for their decisions that humans can understand. Although more nuanced, human evaluation is impractical at scale and susceptible to errors. To address these limitations, this study introduces D-TIIL (Diffusion-based Text-Image Inconsistency Localization), which employs text-to-image diffusion models to localize semantic inconsistencies in text and image pairs. These models, trained on large-scale datasets act as ``omniscient"" agents that filter out irrelevant information and incorporate background knowledge to identify inconsistencies. In addition, D-TIIL uses text embeddings and modified image regions to visualize these inconsistencies. To evaluate D-TIIL's efficacy, we introduce a new TIIL dataset containing 14K consistent and inconsistent text-image pairs. Unlike existing datasets, TIIL enables assessment at the level of individual words and image regions and is carefully designed to represent various inconsistencies. D-TIIL offers a scalable and evidence-based approach to identifying and localizing text-image inconsistency, providing a robust framework for future research combating misinformation.",None
https://openreview.net/forum?id=ZGBOfAQrMl,Video Super-Resolution Transformer with Masked Inter&Intra-Frame Attention,video super-resolution; adaptive; memory and computation efficiency,None,"Recently, Vision Transformer has achieved great success in recovering missing details in low-resolution sequences, i.e. the video super-resolution (VSR) task.
Despite its superiority VSR accuracy, the heavy computational burden as well as the large memory footprint hinders the deployment of Transformer-based VSR models on constrained devices, e.g. smart
phones and consumer electronic products. 
In this paper, we address the above issue by proposing a novel feature-level masked processing framework: VSR with Masked Intra and inter frame Attention (MIA-VSR).
The core of MIA-VSR is leveraging feature-level temporal continuity between adjacent frames to reduce redundant computations and make more rational use of previously enhanced SR features.
Concretely, we propose an intra-frame and inter-frame attention block which takes the respective roles of past features and input
features into consideration and only exploits previously enhanced features to provide supplementary information.
In addition, an adaptive block-wise mask predicting module is developed to skip unimportant computations according to feature similarity between adjacent frames.
We conduct detailed ablation studies to validate our contributions and compare the proposed method with recent state-of-the-art VSR approaches.
The experimental results demonstrate that MIA-VSR improves
the memory and computation efficiency over state-of-the-art methods, without trading off PSNR accuracy.",None
https://openreview.net/forum?id=J2kRjUAOLh,Contrastive Predict-and-Search for Mixed Integer Linear Programs,Mixed integer programs; contrastive learning,We use contrastive learning to predict solutions to mixed integer programs and achieve state-of-the-art performance when using the predictions in branch-and-bound.,"Mixed integer linear programs  (MILP) are flexible and powerful tools for modeling and solving many difficult real-world combinatorial optimization problems. In this paper, we propose a novel machine learning (ML)-based framework ConPaS that learns to predict solutions to MILPs with contrastive learning. For training, we collect high-quality solutions as positive samples and low-quality or infeasible solutions as negative samples. We then learn to make discriminative predictions by contrasting the positive and negative samples.   During test time, we predict assignments for a subset of integer variables of a MILP and then solve the resulting reduced MILP to construct high-quality solutions. Empirically, we show that ConPaS achieves state-of-the-art results compared to other ML-based approaches in terms of the quality of and the speed at which the solutions are found.",None
https://openreview.net/forum?id=U0P622bfUN,Federated Generative Learning with Foundation Models,federated learning; non-iid data,"We propose a novel federated learning framework, namely Federated Generative Learning, that transmits prompts associated with distributed training data between clients and server.","Existing federated learning solutions focus on transmitting features, parameters, or gradients between clients and server, which suffer from serious low-efficiency and privacy-leakage problems. Thanks to the emerging foundation generative models, we propose a novel federated learning framework, namely Federated Generative Learning. In this framework, each client can create text prompts that are tailored to their local data, based on its features, and then send them to the server. Given the received prompts, the informative training data can be remotely synthesized on the server using foundation generative models. This new framework offers several advantages, including enhanced communication efficiency, improved resilience to distribution shift, significant performance gains, and enhanced privacy protection. We validate these benefits through extensive experiments conducted on ImageNet and DomainNet datasets, e.g.,  on  ImageNet100 dataset, with a highly skewed data distribution, our method outperforms FedAvg by 12% in a single communication round. Moreover, our approach only requires 229 Bytes prompts for communication, while FedAvg necessitates the transmission of 42.7 MB parameters.",None
