,Falcon3-1B,Falcon3-7B,Falcon3-Mamba-7B,Llama-3.1-8B,Llama-3.2-1B,Mistral-7B,Phi-3.5-mini,Qwen2.5-1.5B,Qwen2.5-7B
standard_prompt_rougeL,0.065,0.062,0.252,0.274,0.258,0.246,0.229,0.208,0.237
standard_prompt_bert_score_precision,0.172,0.164,0.674,0.666,0.665,0.635,0.654,0.634,0.67
standard_prompt_bert_score_recall,0.171,0.176,0.7,0.715,0.704,0.717,0.683,0.692,0.675
standard_prompt_bert_score_f1,0.171,0.17,0.686,0.689,0.683,0.672,0.667,0.661,0.672
cot_prompt_rougeL,0.065,0.062,0.25,0.275,0.257,0.25,0.23,0.21,0.245
cot_prompt_bert_score_precision,0.17,0.165,0.671,0.668,0.66,0.637,0.653,0.639,0.671
cot_prompt_bert_score_recall,0.173,0.177,0.701,0.717,0.702,0.717,0.686,0.691,0.679
cot_prompt_bert_score_f1,0.171,0.17,0.685,0.691,0.68,0.673,0.668,0.663,0.674
dsp_prompt_rougeL,0.067,0.062,0.257,0.279,0.253,0.247,0.236,0.207,0.239
dsp_prompt_bert_score_precision,0.17,0.164,0.681,0.67,0.661,0.634,0.655,0.633,0.673
dsp_prompt_bert_score_recall,0.173,0.176,0.701,0.716,0.703,0.715,0.688,0.692,0.674
dsp_prompt_bert_score_f1,0.171,0.169,0.69,0.691,0.681,0.671,0.671,0.66,0.673
